Assay ID,Assay Name,Population,Allele 1 Freq,Allele 2 Freq,1/1 Freq,1/2 Freq,2/2 Freq,Chi-Squared,P-Value
AHLJ0WM,CYP2D6 *2*14*17*29*35*41,All,50%,50%,0%,100%,0%,2,0.157
C_104846637_10,DPYD  c.1129-5923C>G,All,0%,0%,0%,0%,0%,0,1
C_154823200_10,NUDT15 *3,All,0%,0%,0%,0%,0%,0,1
C__11484460_40,CYP2D6*10 g.100C>T,All,50%,50%,0%,100%,0%,2,0.157
C__12091552_30,TPMT*2 A80P,All,50%,50%,0%,100%,0%,2,0.157
C__15854163_70,ABCG2 Allele,All,0%,0%,0%,0%,0%,0,1
C__25625804_10,CYP2C9 *8,All,0%,0%,0%,0%,0%,0,1
C__25625805_10,CYP2C9*2 g.3608C>T,All,50%,50%,0%,100%,0%,2,0.157
C__25744790_10,CYP2C19 *2 *35,All,0%,0%,0%,0%,0%,0,1
C__25745302_30,CYP2C19 *9,All,0%,0%,0%,0%,0%,0,1
C__25986767_70,CYP2C19*2 c.681G>A,All,50%,50%,0%,100%,0%,2,0.157
C__26201809_30,CYP3A5*3 g.6986A>G,All,100%,0%,100%,0%,0%,0,1
C__27102414_10,CYP2D6 g.4180G>C,All,50%,50%,0%,100%,0%,2,0.157
C__27102431_D0,CYP2D6*4 g.1846G>A,All,0%,0%,0%,0%,0%,0,1
C__27104892_10,CYP2C9*3 g.42614A>C,All,50%,50%,0%,100%,0%,2,0.157
C__27530948_10,DPYD rs67376798,All,50%,50%,0%,100%,0%,2,0.157
C__27531552_A0,CYP2D6*12 g.124G>A,All,50%,50%,0%,100%,0%,2,0.157
C__27859817_40,CYP2C9 *5,All,0%,0%,0%,0%,0%,0,1
C__27861809_10,CYP2C19*3 c.636G>A,All,50%,50%,0%,100%,0%,2,0.157
C__27861810_10,CYP2C19*5 c.1297C>T,All,50%,50%,0%,100%,0%,2,0.157
C__30203950_10,CYP3A5*6 g.14690G>A,All,0%,100%,0%,0%,100%,0,1
C__30403261_20,VKORC1-prom,All,50%,50%,0%,100%,0%,2,0.157
C__30633851_20,DPYD*2A IVS14+1G>A,All,50%,50%,0%,100%,0%,2,0.157
C__30633906_10,SLCO1B1*5 V174A,All,50%,50%,0%,100%,0%,2,0.157
C__30634116_20,TPMT*3B 460 G>A A154T,All,50%,50%,0%,100%,0%,2,0.157
C__30634132_70,CYP2C9 *11,All,0%,0%,0%,0%,0%,0,1
C__32287188_10,CYP3A5 *7,All,0%,0%,0%,0%,0%,0,1
C__32287221_20,CYP2C9 *6,All,0%,0%,0%,0%,0%,0,1
C__32407229_60,CYP2D6*9 g.2613 2615delAGA,All,50%,50%,0%,100%,0%,2,0.157
C__32407232_50,CYP2D6*3 g.2549delA,All,50%,50%,0%,100%,0%,2,0.157
C__32407243_20,CYP2D6*6 g.1707delT,All,0%,0%,0%,0%,0%,0,1
C__34816113_20,CYP2D6*29 g.3183G>A,All,50%,50%,0%,100%,0%,2,0.157
C__34816116_20,CYP2D6*41 g.2988G>A,All,100%,0%,100%,0%,0%,0,1
C__60732328_20,CYP2B6*16 *18 g. 21011T>C,All,50%,50%,0%,100%,0%,2,0.157
C___1901697_20,SLCO1B1*1B N130D,All,50%,50%,0%,100%,0%,2,0.157
C___2222771_A0,CYP2D6*17 g.1023C>T,All,50%,50%,0%,100%,0%,2,0.157
C___7817765_60,CYP2B6*6 g.15631G>T,All,50%,50%,0%,100%,0%,2,0.157
C____469857_10,CYP2C19*17 g.-806C>T,All,0%,0%,0%,0%,0%,0,1
C_____19567_20,TPMT*3C 719A>G C240Y,All,50%,50%,0%,100%,0%,2,0.157