Allele 1,Allele 2,rs12248560,rs12769205,rs17884712,rs4244285,rs4986893,rs56337013
*1,*1,VIC/VIC,FAM/FAM,FAM/FAM,FAM/FAM,FAM/FAM,VIC/VIC
*1,*2,VIC/VIC,VIC/FAM,FAM/FAM,VIC/FAM,FAM/FAM,VIC/VIC
*1,*3,VIC/VIC,FAM/FAM,FAM/FAM,FAM/FAM,VIC/FAM,VIC/VIC
*1,*5,VIC/VIC,FAM/FAM,FAM/FAM,FAM/FAM,FAM/FAM,VIC/FAM
*1,*9,VIC/VIC,FAM/FAM,VIC/FAM,FAM/FAM,FAM/FAM,VIC/VIC
*1,*17,VIC/FAM,FAM/FAM,FAM/FAM,FAM/FAM,FAM/FAM,VIC/VIC
*1,*35,VIC/VIC,VIC/FAM,FAM/FAM,FAM/FAM,FAM/FAM,VIC/VIC
*2,*2,VIC/VIC,VIC/VIC,FAM/FAM,VIC/VIC,FAM/FAM,VIC/VIC
*2,*3,VIC/VIC,VIC/FAM,FAM/FAM,VIC/FAM,VIC/FAM,VIC/VIC
*2,*5,VIC/VIC,VIC/FAM,FAM/FAM,VIC/FAM,FAM/FAM,VIC/FAM
*2,*9,VIC/VIC,VIC/FAM,VIC/FAM,VIC/FAM,FAM/FAM,VIC/VIC
*2,*17,VIC/FAM,VIC/FAM,FAM/FAM,VIC/FAM,FAM/FAM,VIC/VIC
*2,*35,VIC/VIC,VIC/VIC,FAM/FAM,VIC/FAM,FAM/FAM,VIC/VIC
*3,*3,VIC/VIC,FAM/FAM,FAM/FAM,FAM/FAM,VIC/VIC,VIC/VIC
*3,*5,VIC/VIC,FAM/FAM,FAM/FAM,FAM/FAM,VIC/FAM,VIC/FAM
*3,*9,VIC/VIC,FAM/FAM,VIC/FAM,FAM/FAM,VIC/FAM,VIC/VIC
*3,*17,VIC/FAM,FAM/FAM,FAM/FAM,FAM/FAM,VIC/FAM,VIC/VIC
*3,*35,VIC/VIC,VIC/FAM,FAM/FAM,FAM/FAM,VIC/FAM,VIC/VIC
*5,*5,VIC/VIC,FAM/FAM,FAM/FAM,FAM/FAM,FAM/FAM,FAM/FAM
*5,*9,VIC/VIC,FAM/FAM,VIC/FAM,FAM/FAM,FAM/FAM,VIC/FAM
*5,*17,VIC/FAM,FAM/FAM,FAM/FAM,FAM/FAM,FAM/FAM,VIC/FAM
*5,*35,VIC/VIC,VIC/FAM,FAM/FAM,FAM/FAM,FAM/FAM,VIC/FAM
*9,*9,VIC/VIC,FAM/FAM,VIC/VIC,FAM/FAM,FAM/FAM,VIC/VIC
*9,*17,VIC/FAM,FAM/FAM,VIC/FAM,FAM/FAM,FAM/FAM,VIC/VIC
*9,*35,VIC/VIC,VIC/FAM,VIC/FAM,FAM/FAM,FAM/FAM,VIC/VIC
*17,*17,FAM/FAM,FAM/FAM,FAM/FAM,FAM/FAM,FAM/FAM,VIC/VIC
*17,*35,VIC/FAM,VIC/FAM,FAM/FAM,FAM/FAM,FAM/FAM,VIC/VIC
*35,*35,VIC/VIC,VIC/VIC,FAM/FAM,FAM/FAM,FAM/FAM,VIC/VIC
