Allele 1,Allele 2,rs3918290,rs67376798,rs75017182
*1,*1,VIC/VIC,FAM/FAM,VIC/VIC
*1,"c.1129-5923C>G, c.1236G>A (HapB3)",VIC/VIC,FAM/FAM,VIC/FAM
*1,c.1905+1G>A (*2A),VIC/FAM,FAM/FAM,VIC/VIC
*1,c.2846A>T,VIC/VIC,VIC/FAM,VIC/VIC
"c.1129-5923C>G, c.1236G>A (HapB3)","c.1129-5923C>G, c.1236G>A (HapB3)",VIC/VIC,FAM/FAM,FAM/FAM
"c.1129-5923C>G, c.1236G>A (HapB3)",c.1905+1G>A (*2A),VIC/FAM,FAM/FAM,VIC/FAM
"c.1129-5923C>G, c.1236G>A (HapB3)",c.2846A>T,VIC/VIC,VIC/FAM,VIC/FAM
c.1905+1G>A (*2A),c.1905+1G>A (*2A),FAM/FAM,FAM/FAM,VIC/VIC
c.1905+1G>A (*2A),c.2846A>T,VIC/FAM,VIC/FAM,VIC/VIC
c.2846A>T,c.2846A>T,VIC/VIC,VIC/VIC,VIC/VIC
