# Exported By : GUEST,,,,,,,,,,,,,,,,,,,,,,,,,,,
# Export Date : 08/10/2022 11:25:05 EDT,,,,,,,,,,,,,,,,,,,,,,,,,,,
# Study Name : 1 sample plate,,,,,,,,,,,,,,,,,,,,,,,,,,,
# Experiment Type : Real-time,,,,,,,,,,,,,,,,,,,,,,,,,,,
# Instrument Type : QuantStudio™ 12K Flex Real-Time PCR System,,,,,,,,,,,,,,,,,,,,,,,,,,,
# Software Version Number : 1.4.0,,,,,,,,,,,,,,,,,,,,,,,,,,,
# Creation Date : 08/10/2022 11:23:32 EDT,,,,,,,,,,,,,,,,,,,,,,,,,,,
# Created By : GUEST,,,,,,,,,,,,,,,,,,,,,,,,,,,
# Last Modified Date : 08/10/2022 11:25:04 EDT,,,,,,,,,,,,,,,,,,,,,,,,,,,
# Last Modified By : GUEST,,,,,,,,,,,,,,,,,,,,,,,,,,,
# Template File Name : N/A,,,,,,,,,,,,,,,,,,,,,,,,,,,
# Template Originating Study Name : N/A,,,,,,,,,,,,,,,,,,,,,,,,,,,
# Template Creation Date : N/A,,,,,,,,,,,,,,,,,,,,,,,,,,,
# Template Created By User ID : N/A,,,,,,,,,,,,,,,,,,,,,,,,,,,
# Template Software Version Number :  N/A,,,,,,,,,,,,,,,,,,,,,,,,,,,
,,,,,,,,,,,,,,,,,,,,,,,,,,,
"	",,,,,,,,,,,,,,,,,,,,,,,,,,,
Assay Name,Assay ID,Gene Symbol,NCBI SNP Reference,Sample ID,Call,Manual,Quality,VIC(Rn),FAM(Rn),ROX,Task,Gender,Population,Well,Omit,Experiment Name,Plate Barcode,Annotation,Low ROX™ Intensity,NTC FAM™ Intensity High,NTC VIC® Intensity High,Genotype Quality Low,Failed Control,Reference Sample Discordance,Replicate Sample Discordance,Chromosome #,Position
ABCG2 Allele,C__15854163_70,ABCG2,rs2231142,60000160188,VIC/FAM,FALSE,0,0.431,0.063,580.197,Unknown,Unknown,,F17,FALSE,Genotyper_Sample_data_file_1 patient sample.eds,C30217GB_1 sample,,FALSE,FALSE,FALSE,TRUE,FALSE,FALSE,FALSE,,
ABCG2 Allele,C__15854163_70,ABCG2,rs2231142,HG01765,VIC/FAM,FALSE,N/A,2.165,-0.198,159.696,NTC,Unknown,,B17,FALSE,Genotyper_Sample_data_file_1 patient sample.eds,C30217GB_1 sample,,TRUE,FALSE,TRUE,TRUE,TRUE,FALSE,TRUE,,
ABCG2 Allele,C__15854163_70,ABCG2,rs2231142,No Template,N/A,FALSE,N/A,1.046,1.324,452.723,NTC,Unknown,,D17,FALSE,Genotyper_Sample_data_file_1 patient sample.eds,C30217GB_1 sample,,FALSE,TRUE,TRUE,FALSE,FALSE,FALSE,TRUE,,
CYP2B6*16 *18 g. 21011T>C,C__60732328_20,CYP2B6,rs28399499,60000160188,VIC/FAM,FALSE,0.96,1.157,1.59,"108,672.99",Unknown,Unknown,,E02,FALSE,Genotyper_Sample_data_file_1 patient sample.eds,C30217GB_1 sample,,FALSE,FALSE,FALSE,FALSE,FALSE,FALSE,FALSE,,
CYP2B6*16 *18 g. 21011T>C,C__60732328_20,CYP2B6,rs28399499,HG01765,VIC/FAM,FALSE,0.96,1.151,1.607,"106,756.60",Unknown,Unknown,,C02,FALSE,Genotyper_Sample_data_file_1 patient sample.eds,C30217GB_1 sample,,FALSE,FALSE,FALSE,FALSE,FALSE,FALSE,FALSE,,
CYP2B6*16 *18 g. 21011T>C,C__60732328_20,CYP2B6,rs28399499,No Template,N/A,FALSE,N/A,0.041,0.03,"110,374.45",NTC,Unknown,,A02,FALSE,Genotyper_Sample_data_file_1 patient sample.eds,C30217GB_1 sample,,FALSE,TRUE,TRUE,FALSE,FALSE,FALSE,FALSE,,
CYP2B6*6 g.15631G>T,C___7817765_60,CYP2B6,rs3745274,60000160188,VIC/FAM,FALSE,0.96,0.932,0.83,"108,936.89",Unknown,Unknown,,E01,FALSE,Genotyper_Sample_data_file_1 patient sample.eds,C30217GB_1 sample,,FALSE,FALSE,FALSE,FALSE,FALSE,FALSE,FALSE,,
CYP2B6*6 g.15631G>T,C___7817765_60,CYP2B6,rs3745274,NA19385,VIC/FAM,FALSE,0.96,0.887,0.784,"109,295.56",Unknown,Unknown,,C01,FALSE,Genotyper_Sample_data_file_1 patient sample.eds,C30217GB_1 sample,,FALSE,FALSE,FALSE,FALSE,FALSE,FALSE,FALSE,,
CYP2B6*6 g.15631G>T,C___7817765_60,CYP2B6,rs3745274,No Template,N/A,FALSE,N/A,0.026,0.019,"133,677.44",NTC,Unknown,,A01,FALSE,Genotyper_Sample_data_file_1 patient sample.eds,C30217GB_1 sample,,FALSE,TRUE,TRUE,FALSE,FALSE,FALSE,FALSE,,
CYP2C19 *2 *35,C__25744790_10,CYP2C19,rs12769205,60000160188,VIC/FAM,FALSE,0.92,2.294,2.25,"100,157.86",Unknown,Unknown,,E05,FALSE,Genotyper_Sample_data_file_1 patient sample.eds,C30217GB_1 sample,,FALSE,FALSE,FALSE,TRUE,FALSE,FALSE,FALSE,,
CYP2C19 *2 *35,C__25744790_10,CYP2C19,rs12769205,NA20521,VIC/FAM,FALSE,0.92,1.89,1.877,"106,785.02",Unknown,Unknown,,C05,FALSE,Genotyper_Sample_data_file_1 patient sample.eds,C30217GB_1 sample,,FALSE,FALSE,FALSE,TRUE,FALSE,FALSE,FALSE,,
CYP2C19 *2 *35,C__25744790_10,CYP2C19,rs12769205,No Template,N/A,FALSE,N/A,0.04,0.282,"96,334.01",NTC,Unknown,,A05,FALSE,Genotyper_Sample_data_file_1 patient sample.eds,C30217GB_1 sample,,FALSE,TRUE,TRUE,FALSE,FALSE,FALSE,FALSE,,
CYP2C19 *9,C__25745302_30,CYP2C19,rs17884712,60000160188,VIC/FAM,FALSE,0.92,1.942,1.908,"118,289.80",Unknown,Unknown,,E08,FALSE,Genotyper_Sample_data_file_1 patient sample.eds,C30217GB_1 sample,,FALSE,FALSE,FALSE,TRUE,FALSE,FALSE,FALSE,,
CYP2C19 *9,C__25745302_30,CYP2C19,rs17884712,No Template,N/A,FALSE,N/A,1.753,1.508,"103,337.77",NTC,Unknown,,A08,FALSE,Genotyper_Sample_data_file_1 patient sample.eds,C30217GB_1 sample,,FALSE,TRUE,TRUE,FALSE,FALSE,FALSE,FALSE,,
CYP2C19 *9,C__25745302_30,CYP2C19,rs17884712,rs56337013_Het,VIC/FAM,FALSE,0.92,1.936,1.938,"116,294.28",Unknown,Unknown,,C08,FALSE,Genotyper_Sample_data_file_1 patient sample.eds,C30217GB_1 sample,,FALSE,FALSE,FALSE,TRUE,FALSE,FALSE,FALSE,,
CYP2C19*17 g.-806C>T,C____469857_10,CYP2C19,rs12248560,60000160188,VIC/FAM,FALSE,0.99,0.619,0.317,"105,511.48",Unknown,Unknown,,E03,FALSE,Genotyper_Sample_data_file_1 patient sample.eds,C30217GB_1 sample,,FALSE,FALSE,FALSE,FALSE,FALSE,FALSE,FALSE,,
CYP2C19*17 g.-806C>T,C____469857_10,CYP2C19,rs12248560,NA11932,VIC/FAM,FALSE,0.99,0.65,0.329,"101,912.16",Unknown,Unknown,,C03,FALSE,Genotyper_Sample_data_file_1 patient sample.eds,C30217GB_1 sample,,FALSE,FALSE,FALSE,FALSE,FALSE,FALSE,FALSE,,
CYP2C19*17 g.-806C>T,C____469857_10,CYP2C19,rs12248560,No Template,N/A,FALSE,N/A,0.037,0.035,"108,419.21",NTC,Unknown,,A03,FALSE,Genotyper_Sample_data_file_1 patient sample.eds,C30217GB_1 sample,,FALSE,TRUE,TRUE,FALSE,FALSE,FALSE,FALSE,,
CYP2C19*2 c.681G>A,C__25986767_70,CYP2C19,rs4244285,60000160188,VIC/FAM,FALSE,0.96,1.402,1.282,"106,054.00",Unknown,Unknown,,E04,FALSE,Genotyper_Sample_data_file_1 patient sample.eds,C30217GB_1 sample,,FALSE,FALSE,FALSE,FALSE,FALSE,FALSE,FALSE,,
CYP2C19*2 c.681G>A,C__25986767_70,CYP2C19,rs4244285,NA20126,VIC/FAM,FALSE,0.96,1.411,1.252,"101,614.20",Unknown,Unknown,,C04,FALSE,Genotyper_Sample_data_file_1 patient sample.eds,C30217GB_1 sample,,FALSE,FALSE,FALSE,FALSE,FALSE,FALSE,FALSE,,
CYP2C19*2 c.681G>A,C__25986767_70,CYP2C19,rs4244285,No Template,N/A,FALSE,N/A,0.059,0.059,"102,087.23",NTC,Unknown,,A04,FALSE,Genotyper_Sample_data_file_1 patient sample.eds,C30217GB_1 sample,,FALSE,TRUE,TRUE,FALSE,FALSE,FALSE,FALSE,,
CYP2C19*3 c.636G>A,C__27861809_10,CYP2C19,rs4986893,60000160188,VIC/FAM,FALSE,0.96,1.41,1.166,"113,634.75",Unknown,Unknown,,E06,FALSE,Genotyper_Sample_data_file_1 patient sample.eds,C30217GB_1 sample,,FALSE,FALSE,FALSE,FALSE,FALSE,FALSE,FALSE,,
CYP2C19*3 c.636G>A,C__27861809_10,CYP2C19,rs4986893,NA17052,VIC/FAM,FALSE,0.96,1.386,1.217,"107,270.90",Unknown,Unknown,,C06,FALSE,Genotyper_Sample_data_file_1 patient sample.eds,C30217GB_1 sample,,FALSE,FALSE,FALSE,FALSE,FALSE,FALSE,FALSE,,
CYP2C19*3 c.636G>A,C__27861809_10,CYP2C19,rs4986893,No Template,N/A,FALSE,N/A,0.036,0.044,"101,942.41",NTC,Unknown,,A06,FALSE,Genotyper_Sample_data_file_1 patient sample.eds,C30217GB_1 sample,,FALSE,TRUE,TRUE,FALSE,FALSE,FALSE,FALSE,,
CYP2C19*5 c.1297C>T,C__27861810_10,CYP2C19,rs56337013,60000160188,VIC/FAM,FALSE,0.96,2.158,1.578,"107,751.66",Unknown,Unknown,,E07,FALSE,Genotyper_Sample_data_file_1 patient sample.eds,C30217GB_1 sample,,FALSE,FALSE,FALSE,FALSE,FALSE,FALSE,FALSE,,
CYP2C19*5 c.1297C>T,C__27861810_10,CYP2C19,rs56337013,NA17084,VIC/FAM,FALSE,0.96,2.136,1.584,"101,692.11",Unknown,Unknown,,C07,FALSE,Genotyper_Sample_data_file_1 patient sample.eds,C30217GB_1 sample,,FALSE,FALSE,FALSE,FALSE,FALSE,FALSE,FALSE,,
CYP2C19*5 c.1297C>T,C__27861810_10,CYP2C19,rs56337013,No Template,N/A,FALSE,N/A,0.066,0.049,"102,814.91",NTC,Unknown,,A07,FALSE,Genotyper_Sample_data_file_1 patient sample.eds,C30217GB_1 sample,,FALSE,TRUE,TRUE,FALSE,FALSE,FALSE,FALSE,,
CYP2C9 *11,C__30634132_70,CYP2C9,rs28371685,60000160188,VIC/FAM,FALSE,0.92,1.486,2.066,"116,136.56",Unknown,Unknown,,E09,FALSE,Genotyper_Sample_data_file_1 patient sample.eds,C30217GB_1 sample,,FALSE,FALSE,FALSE,TRUE,FALSE,FALSE,FALSE,,
CYP2C9 *11,C__30634132_70,CYP2C9,rs28371685,NA19178,VIC/FAM,FALSE,0.92,1.458,1.98,"109,347.01",Unknown,Unknown,,C09,FALSE,Genotyper_Sample_data_file_1 patient sample.eds,C30217GB_1 sample,,FALSE,FALSE,FALSE,TRUE,FALSE,FALSE,FALSE,,
CYP2C9 *11,C__30634132_70,CYP2C9,rs28371685,No Template,N/A,FALSE,N/A,0.032,0.025,"105,768.50",NTC,Unknown,,A09,FALSE,Genotyper_Sample_data_file_1 patient sample.eds,C30217GB_1 sample,,FALSE,TRUE,TRUE,FALSE,FALSE,FALSE,FALSE,,
CYP2C9 *5,C__27859817_40,CYP2C9,rs28371686,60000160188,VIC/FAM,FALSE,0.92,1.313,1.633,"122,092.60",Unknown,Unknown,,E12,FALSE,Genotyper_Sample_data_file_1 patient sample.eds,C30217GB_1 sample,,FALSE,FALSE,FALSE,TRUE,FALSE,FALSE,FALSE,,
CYP2C9 *5,C__27859817_40,CYP2C9,rs28371686,No Template,N/A,FALSE,N/A,0.038,0.03,"108,082.54",NTC,Unknown,,A12,FALSE,Genotyper_Sample_data_file_1 patient sample.eds,C30217GB_1 sample,,FALSE,TRUE,TRUE,FALSE,FALSE,FALSE,FALSE,,
CYP2C9 *5,C__27859817_40,CYP2C9,rs28371686,rs5030862_Het,VIC/FAM,FALSE,0.92,1.126,1.424,"113,142.23",Unknown,Unknown,,C12,FALSE,Genotyper_Sample_data_file_1 patient sample.eds,C30217GB_1 sample,,FALSE,FALSE,FALSE,TRUE,FALSE,FALSE,FALSE,,
CYP2C9 *6,C__32287221_20,CYP2C9,rs9332131,60000160188,VIC/FAM,FALSE,0,-49.413,-103.007,"-2,594.55",Unknown,Unknown,,E13,FALSE,Genotyper_Sample_data_file_1 patient sample.eds,C30217GB_1 sample,,TRUE,FALSE,FALSE,TRUE,FALSE,FALSE,FALSE,,
CYP2C9 *6,C__32287221_20,CYP2C9,rs9332131,No Template,N/A,FALSE,N/A,-258.392,-299.783,-421.371,NTC,Unknown,,A13,FALSE,Genotyper_Sample_data_file_1 patient sample.eds,C30217GB_1 sample,,TRUE,FALSE,FALSE,TRUE,TRUE,FALSE,TRUE,,
CYP2C9 *6,C__32287221_20,CYP2C9,rs9332131,rs5030862_Het,VIC/FAM,FALSE,N/A,353.709,276.357,728.318,NTC,Unknown,,C13,FALSE,Genotyper_Sample_data_file_1 patient sample.eds,C30217GB_1 sample,,FALSE,TRUE,TRUE,FALSE,FALSE,FALSE,TRUE,,
CYP2C9 *8,C__25625804_10,CYP2C9,rs7900194,60000160188,VIC/FAM,FALSE,0.92,1.165,1.219,"116,270.12",Unknown,Unknown,,E14,FALSE,Genotyper_Sample_data_file_1 patient sample.eds,C30217GB_1 sample,,FALSE,FALSE,FALSE,TRUE,FALSE,FALSE,FALSE,,
CYP2C9 *8,C__25625804_10,CYP2C9,rs7900194,NA10005,VIC/FAM,FALSE,0.92,1.163,1.236,"110,557.01",Unknown,Unknown,,C14,FALSE,Genotyper_Sample_data_file_1 patient sample.eds,C30217GB_1 sample,,FALSE,FALSE,FALSE,TRUE,FALSE,FALSE,FALSE,,
CYP2C9 *8,C__25625804_10,CYP2C9,rs7900194,No Template,N/A,FALSE,N/A,0.162,0.037,"116,747.01",NTC,Unknown,,A14,FALSE,Genotyper_Sample_data_file_1 patient sample.eds,C30217GB_1 sample,,FALSE,TRUE,TRUE,FALSE,FALSE,FALSE,FALSE,,
CYP2C9*2 g.3608C>T,C__25625805_10,CYP2C9,rs1799853,60000160188,VIC/FAM,FALSE,0.96,1.543,1.145,"108,945.31",Unknown,Unknown,,E10,FALSE,Genotyper_Sample_data_file_1 patient sample.eds,C30217GB_1 sample,,FALSE,FALSE,FALSE,FALSE,FALSE,FALSE,FALSE,,
CYP2C9*2 g.3608C>T,C__25625805_10,CYP2C9,rs1799853,NA17227,VIC/FAM,FALSE,0.96,1.484,1.112,"114,070.99",Unknown,Unknown,,C10,FALSE,Genotyper_Sample_data_file_1 patient sample.eds,C30217GB_1 sample,,FALSE,FALSE,FALSE,FALSE,FALSE,FALSE,FALSE,,
CYP2C9*2 g.3608C>T,C__25625805_10,CYP2C9,rs1799853,No Template,N/A,FALSE,N/A,0.038,0.041,"108,987.82",NTC,Unknown,,A10,FALSE,Genotyper_Sample_data_file_1 patient sample.eds,C30217GB_1 sample,,FALSE,TRUE,TRUE,FALSE,FALSE,FALSE,FALSE,,
CYP2C9*3 g.42614A>C,C__27104892_10,CYP2C9,rs1057910,60000160188,VIC/FAM,FALSE,0.96,1.577,1.165,"110,414.84",Unknown,Unknown,,E11,FALSE,Genotyper_Sample_data_file_1 patient sample.eds,C30217GB_1 sample,,FALSE,FALSE,FALSE,FALSE,FALSE,FALSE,FALSE,,
CYP2C9*3 g.42614A>C,C__27104892_10,CYP2C9,rs1057910,NA17211,VIC/FAM,FALSE,0.96,1.553,1.173,"107,614.64",Unknown,Unknown,,C11,FALSE,Genotyper_Sample_data_file_1 patient sample.eds,C30217GB_1 sample,,FALSE,FALSE,FALSE,FALSE,FALSE,FALSE,FALSE,,
CYP2C9*3 g.42614A>C,C__27104892_10,CYP2C9,rs1057910,No Template,N/A,FALSE,N/A,0.047,0.042,"107,274.46",NTC,Unknown,,A11,FALSE,Genotyper_Sample_data_file_1 patient sample.eds,C30217GB_1 sample,,FALSE,TRUE,TRUE,FALSE,FALSE,FALSE,FALSE,,
CYP2D6 *2*14*17*29*35*41,AHLJ0WM,CYP2D6,rs16947,60000160188,VIC/FAM,FALSE,0.96,1.308,1.296,"110,220.27",Unknown,Unknown,,E17,FALSE,Genotyper_Sample_data_file_1 patient sample.eds,C30217GB_1 sample,,FALSE,FALSE,FALSE,FALSE,FALSE,FALSE,FALSE,,
CYP2D6 *2*14*17*29*35*41,AHLJ0WM,CYP2D6,rs16947,NA10005,VIC/FAM,FALSE,0.96,1.255,1.252,"108,045.50",Unknown,Unknown,,C17,FALSE,Genotyper_Sample_data_file_1 patient sample.eds,C30217GB_1 sample,,FALSE,FALSE,FALSE,FALSE,FALSE,FALSE,FALSE,,
CYP2D6 *2*14*17*29*35*41,AHLJ0WM,CYP2D6,rs16947,No Template,N/A,FALSE,N/A,0.045,0.042,"111,395.34",NTC,Unknown,,A17,FALSE,Genotyper_Sample_data_file_1 patient sample.eds,C30217GB_1 sample,,FALSE,TRUE,TRUE,FALSE,FALSE,FALSE,FALSE,,
CYP2D6 g.4180G>C,C__27102414_10,CYP2D6,rs1135840,60000160188,VIC/FAM,FALSE,0.96,1.896,1.857,"109,235.77",Unknown,Unknown,,E20,FALSE,Genotyper_Sample_data_file_1 patient sample.eds,C30217GB_1 sample,,FALSE,FALSE,FALSE,FALSE,FALSE,FALSE,FALSE,,
CYP2D6 g.4180G>C,C__27102414_10,CYP2D6,rs1135840,NA17203,VIC/FAM,FALSE,0.96,1.898,1.9,"107,225.77",Unknown,Unknown,,C20,FALSE,Genotyper_Sample_data_file_1 patient sample.eds,C30217GB_1 sample,,FALSE,FALSE,FALSE,FALSE,FALSE,FALSE,FALSE,,
CYP2D6 g.4180G>C,C__27102414_10,CYP2D6,rs1135840,No Template,N/A,FALSE,N/A,0.038,0.047,"104,203.81",NTC,Unknown,,A20,FALSE,Genotyper_Sample_data_file_1 patient sample.eds,C30217GB_1 sample,,FALSE,TRUE,TRUE,FALSE,FALSE,FALSE,FALSE,,
CYP2D6*10 g.100C>T,C__11484460_40,CYP2D6,rs1065852,60000160188,VIC/FAM,FALSE,0.96,1.696,1.125,"108,535.86",Unknown,Unknown,,E19,FALSE,Genotyper_Sample_data_file_1 patient sample.eds,C30217GB_1 sample,,FALSE,FALSE,FALSE,FALSE,FALSE,FALSE,FALSE,,
CYP2D6*10 g.100C>T,C__11484460_40,CYP2D6,rs1065852,NA17203,VIC/FAM,FALSE,0.96,1.543,0.996,"113,459.28",Unknown,Unknown,,C19,FALSE,Genotyper_Sample_data_file_1 patient sample.eds,C30217GB_1 sample,,FALSE,FALSE,FALSE,FALSE,FALSE,FALSE,FALSE,,
CYP2D6*10 g.100C>T,C__11484460_40,CYP2D6,rs1065852,No Template,N/A,FALSE,N/A,0.042,0.042,"110,812.37",NTC,Unknown,,A19,FALSE,Genotyper_Sample_data_file_1 patient sample.eds,C30217GB_1 sample,,FALSE,TRUE,TRUE,FALSE,FALSE,FALSE,FALSE,,
CYP2D6*12 g.124G>A,C__27531552_A0,CYP2D6,rs5030862,60000160188,VIC/FAM,FALSE,0.96,1.946,2.171,"117,279.70",Unknown,Unknown,,E15,FALSE,Genotyper_Sample_data_file_1 patient sample.eds,C30217GB_1 sample,,FALSE,FALSE,FALSE,FALSE,FALSE,FALSE,FALSE,,
CYP2D6*12 g.124G>A,C__27531552_A0,CYP2D6,rs5030862,NA20521,VIC/FAM,FALSE,0.96,1.817,2.063,"109,465.09",Unknown,Unknown,,C15,FALSE,Genotyper_Sample_data_file_1 patient sample.eds,C30217GB_1 sample,,FALSE,FALSE,FALSE,FALSE,FALSE,FALSE,FALSE,,
CYP2D6*12 g.124G>A,C__27531552_A0,CYP2D6,rs5030862,No Template,N/A,FALSE,N/A,0.026,0.027,"113,466.58",NTC,Unknown,,A15,FALSE,Genotyper_Sample_data_file_1 patient sample.eds,C30217GB_1 sample,,FALSE,TRUE,TRUE,FALSE,FALSE,FALSE,FALSE,,
CYP2D6*17 g.1023C>T,C___2222771_A0,CYP2D6,rs28371706,60000160188,VIC/FAM,FALSE,0.96,1.809,1.872,"113,861.32",Unknown,Unknown,,E16,FALSE,Genotyper_Sample_data_file_1 patient sample.eds,C30217GB_1 sample,,FALSE,FALSE,FALSE,FALSE,FALSE,FALSE,FALSE,,
CYP2D6*17 g.1023C>T,C___2222771_A0,CYP2D6,rs28371706,NA20521,VIC/FAM,FALSE,0.96,1.759,1.821,"109,123.44",Unknown,Unknown,,C16,FALSE,Genotyper_Sample_data_file_1 patient sample.eds,C30217GB_1 sample,,FALSE,FALSE,FALSE,FALSE,FALSE,FALSE,FALSE,,
CYP2D6*17 g.1023C>T,C___2222771_A0,CYP2D6,rs28371706,No Template,N/A,FALSE,N/A,0.031,0.028,"114,739.38",NTC,Unknown,,A16,FALSE,Genotyper_Sample_data_file_1 patient sample.eds,C30217GB_1 sample,,FALSE,TRUE,TRUE,FALSE,FALSE,FALSE,FALSE,,
CYP2D6*29 g.3183G>A,C__34816113_20,CYP2D6,rs59421388,60000160188,VIC/FAM,FALSE,0.96,1.579,1.205,"109,234.17",Unknown,Unknown,,E21,FALSE,Genotyper_Sample_data_file_1 patient sample.eds,C30217GB_1 sample,,FALSE,FALSE,FALSE,FALSE,FALSE,FALSE,FALSE,,
CYP2D6*29 g.3183G>A,C__34816113_20,CYP2D6,rs59421388,NA17084,VIC/FAM,FALSE,0.96,1.332,1.022,"101,230.14",Unknown,Unknown,,C21,FALSE,Genotyper_Sample_data_file_1 patient sample.eds,C30217GB_1 sample,,FALSE,FALSE,FALSE,FALSE,FALSE,FALSE,FALSE,,
CYP2D6*29 g.3183G>A,C__34816113_20,CYP2D6,rs59421388,No Template,N/A,FALSE,N/A,0.046,0.04,"99,285.31",NTC,Unknown,,A21,FALSE,Genotyper_Sample_data_file_1 patient sample.eds,C30217GB_1 sample,,FALSE,TRUE,TRUE,FALSE,FALSE,FALSE,FALSE,,
CYP2D6*3 g.2549delA,C__32407232_50,CYP2D6,rs35742686,60000160188,VIC/FAM,FALSE,0.96,0.825,1,"110,018.43",Unknown,Unknown,,E22,FALSE,Genotyper_Sample_data_file_1 patient sample.eds,C30217GB_1 sample,,FALSE,FALSE,FALSE,FALSE,FALSE,FALSE,FALSE,,
CYP2D6*3 g.2549delA,C__32407232_50,CYP2D6,rs35742686,NA20521,VIC/FAM,FALSE,0.96,0.629,0.775,"109,866.63",Unknown,Unknown,,C22,FALSE,Genotyper_Sample_data_file_1 patient sample.eds,C30217GB_1 sample,,FALSE,FALSE,FALSE,FALSE,FALSE,FALSE,FALSE,,
CYP2D6*3 g.2549delA,C__32407232_50,CYP2D6,rs35742686,No Template,N/A,FALSE,N/A,0.032,0.026,"105,866.58",NTC,Unknown,,A22,FALSE,Genotyper_Sample_data_file_1 patient sample.eds,C30217GB_1 sample,,FALSE,TRUE,TRUE,FALSE,FALSE,FALSE,FALSE,,
CYP2D6*4 g.1846G>A,C__27102431_D0,CYP2D6,rs3892097,60000160188,VIC/FAM,FALSE,0.99,0.83,0.551,"113,317.73",Unknown,Unknown,,E18,FALSE,Genotyper_Sample_data_file_1 patient sample.eds,C30217GB_1 sample,,FALSE,FALSE,FALSE,FALSE,FALSE,FALSE,FALSE,,
CYP2D6*4 g.1846G>A,C__27102431_D0,CYP2D6,rs3892097,HG02281,VIC/FAM,FALSE,0.99,0.831,0.572,"115,663.55",Unknown,Unknown,,C18,FALSE,Genotyper_Sample_data_file_1 patient sample.eds,C30217GB_1 sample,,FALSE,FALSE,FALSE,FALSE,FALSE,FALSE,FALSE,,
CYP2D6*4 g.1846G>A,C__27102431_D0,CYP2D6,rs3892097,No Template,N/A,FALSE,N/A,0.049,0.042,"111,081.55",NTC,Unknown,,A18,FALSE,Genotyper_Sample_data_file_1 patient sample.eds,C30217GB_1 sample,,FALSE,TRUE,TRUE,FALSE,FALSE,FALSE,FALSE,,
CYP2D6*41 g.2988G>A,C__34816116_20,CYP2D6,rs28371725,60000160188,VIC/VIC,FALSE,0.96,1.129,0.55,"102,689.19",Unknown,Unknown,,E23,FALSE,Genotyper_Sample_data_file_1 patient sample.eds,C30217GB_1 sample,,FALSE,FALSE,FALSE,FALSE,FALSE,FALSE,FALSE,,
CYP2D6*41 g.2988G>A,C__34816116_20,CYP2D6,rs28371725,NA17300,VIC/VIC,FALSE,0.96,1.127,0.559,"98,509.91",Unknown,Unknown,,C23,FALSE,Genotyper_Sample_data_file_1 patient sample.eds,C30217GB_1 sample,,FALSE,FALSE,FALSE,FALSE,FALSE,FALSE,FALSE,,
CYP2D6*41 g.2988G>A,C__34816116_20,CYP2D6,rs28371725,No Template,N/A,FALSE,N/A,0.031,0.027,"106,483.52",NTC,Unknown,,A23,FALSE,Genotyper_Sample_data_file_1 patient sample.eds,C30217GB_1 sample,,FALSE,TRUE,TRUE,FALSE,FALSE,FALSE,FALSE,,
CYP2D6*6 g.1707delT,C__32407243_20,CYP2D6,rs5030655,60000160188,VIC/FAM,FALSE,0.83,1.196,1.848,"102,728.05",Unknown,Unknown,,E24,FALSE,Genotyper_Sample_data_file_1 patient sample.eds,C30217GB_1 sample,,FALSE,FALSE,FALSE,TRUE,FALSE,FALSE,FALSE,,
CYP2D6*6 g.1707delT,C__32407243_20,CYP2D6,rs5030655,NA23348,VIC/FAM,FALSE,0.83,1.059,1.635,"108,272.60",Unknown,Unknown,,C24,FALSE,Genotyper_Sample_data_file_1 patient sample.eds,C30217GB_1 sample,,FALSE,FALSE,FALSE,TRUE,FALSE,FALSE,FALSE,,
CYP2D6*6 g.1707delT,C__32407243_20,CYP2D6,rs5030655,No Template,N/A,FALSE,N/A,0.059,0.083,"118,231.84",NTC,Unknown,,A24,FALSE,Genotyper_Sample_data_file_1 patient sample.eds,C30217GB_1 sample,,FALSE,TRUE,TRUE,FALSE,FALSE,FALSE,FALSE,,
CYP2D6*9 g.2613 2615delAGA,C__32407229_60,CYP2D6,rs5030656,60000160188,VIC/FAM,FALSE,0.96,0.764,0.673,"112,474.73",Unknown,Unknown,,F01,FALSE,Genotyper_Sample_data_file_1 patient sample.eds,C30217GB_1 sample,,FALSE,FALSE,FALSE,FALSE,FALSE,FALSE,FALSE,,
CYP2D6*9 g.2613 2615delAGA,C__32407229_60,CYP2D6,rs5030656,NA17227,VIC/FAM,FALSE,0.96,0.815,0.661,"114,567.65",Unknown,Unknown,,D01,FALSE,Genotyper_Sample_data_file_1 patient sample.eds,C30217GB_1 sample,,FALSE,FALSE,FALSE,FALSE,FALSE,FALSE,FALSE,,
CYP2D6*9 g.2613 2615delAGA,C__32407229_60,CYP2D6,rs5030656,No Template,N/A,FALSE,N/A,0.043,0.04,"113,336.84",NTC,Unknown,,B01,FALSE,Genotyper_Sample_data_file_1 patient sample.eds,C30217GB_1 sample,,FALSE,TRUE,TRUE,FALSE,FALSE,FALSE,FALSE,,
CYP3A5 *7,C__32287188_10,CYP3A5,rs41303343,60000160188,VIC/FAM,FALSE,0.92,2.148,2,"111,440.33",Unknown,Unknown,,F06,FALSE,Genotyper_Sample_data_file_1 patient sample.eds,C30217GB_1 sample,,FALSE,FALSE,FALSE,TRUE,FALSE,FALSE,FALSE,,
CYP3A5 *7,C__32287188_10,CYP3A5,rs41303343,NA20521,VIC/FAM,FALSE,0.92,2.303,2.107,"103,225.61",Unknown,Unknown,,D06,FALSE,Genotyper_Sample_data_file_1 patient sample.eds,C30217GB_1 sample,,FALSE,FALSE,FALSE,TRUE,FALSE,FALSE,FALSE,,
CYP3A5 *7,C__32287188_10,CYP3A5,rs41303343,No Template,N/A,FALSE,N/A,0.043,0.048,"101,792.33",NTC,Unknown,,B06,FALSE,Genotyper_Sample_data_file_1 patient sample.eds,C30217GB_1 sample,,FALSE,TRUE,TRUE,FALSE,FALSE,FALSE,FALSE,,
CYP3A5*3 g.6986A>G,C__26201809_30,CYP3A5,rs776746,60000160188,VIC/VIC,FALSE,0.96,1.548,1.036,"108,410.68",Unknown,Unknown,,F04,FALSE,Genotyper_Sample_data_file_1 patient sample.eds,C30217GB_1 sample,,FALSE,FALSE,FALSE,FALSE,FALSE,FALSE,FALSE,,
CYP3A5*3 g.6986A>G,C__26201809_30,CYP3A5,rs776746,NA20521,VIC/VIC,FALSE,0.96,1.465,0.993,"103,058.59",Unknown,Unknown,,D04,FALSE,Genotyper_Sample_data_file_1 patient sample.eds,C30217GB_1 sample,,FALSE,FALSE,FALSE,FALSE,FALSE,TRUE,FALSE,,
CYP3A5*3 g.6986A>G,C__26201809_30,CYP3A5,rs776746,No Template,N/A,FALSE,N/A,0.051,0.053,"97,203.68",NTC,Unknown,,B04,FALSE,Genotyper_Sample_data_file_1 patient sample.eds,C30217GB_1 sample,,FALSE,TRUE,TRUE,FALSE,FALSE,FALSE,FALSE,,
CYP3A5*6 g.14690G>A,C__30203950_10,CYP3A5,rs10264272,60000160188,FAM/FAM,FALSE,0.96,0.433,1.381,"108,322.18",Unknown,Unknown,,F05,FALSE,Genotyper_Sample_data_file_1 patient sample.eds,C30217GB_1 sample,,FALSE,FALSE,FALSE,FALSE,FALSE,FALSE,FALSE,,
CYP3A5*6 g.14690G>A,C__30203950_10,CYP3A5,rs10264272,NA20521,FAM/FAM,FALSE,0.96,0.407,1.436,"99,215.99",Unknown,Unknown,,D05,FALSE,Genotyper_Sample_data_file_1 patient sample.eds,C30217GB_1 sample,,FALSE,FALSE,FALSE,FALSE,FALSE,TRUE,FALSE,,
CYP3A5*6 g.14690G>A,C__30203950_10,CYP3A5,rs10264272,No Template,N/A,FALSE,N/A,0.053,0.048,"97,376.88",NTC,Unknown,,B05,FALSE,Genotyper_Sample_data_file_1 patient sample.eds,C30217GB_1 sample,,FALSE,TRUE,TRUE,FALSE,FALSE,FALSE,FALSE,,
DPYD  c.1129-5923C>G,C_104846637_10,DPYD,rs75017182,60000160188,VIC/FAM,FALSE,0.92,1.78,0.9,"118,715.73",Unknown,Unknown,,F08,FALSE,Genotyper_Sample_data_file_1 patient sample.eds,C30217GB_1 sample,,FALSE,FALSE,FALSE,TRUE,FALSE,FALSE,FALSE,,
DPYD  c.1129-5923C>G,C_104846637_10,DPYD,rs75017182,HG00332,VIC/FAM,FALSE,0.92,1.718,0.906,"100,050.49",Unknown,Unknown,,D08,FALSE,Genotyper_Sample_data_file_1 patient sample.eds,C30217GB_1 sample,,FALSE,FALSE,FALSE,TRUE,FALSE,FALSE,FALSE,,
DPYD  c.1129-5923C>G,C_104846637_10,DPYD,rs75017182,No Template,N/A,FALSE,N/A,0.038,0.042,"108,154.69",NTC,Unknown,,B08,FALSE,Genotyper_Sample_data_file_1 patient sample.eds,C30217GB_1 sample,,FALSE,TRUE,TRUE,FALSE,FALSE,FALSE,FALSE,,
DPYD rs67376798,C__27530948_10,DPYD,rs67376798,60000160188,VIC/FAM,FALSE,0.96,1.878,1.171,"114,558.88",Unknown,Unknown,,F07,FALSE,Genotyper_Sample_data_file_1 patient sample.eds,C30217GB_1 sample,,FALSE,FALSE,FALSE,FALSE,FALSE,FALSE,FALSE,,
DPYD rs67376798,C__27530948_10,DPYD,rs67376798,HG03625,VIC/FAM,FALSE,0.96,1.955,1.219,"115,720.89",Unknown,Unknown,,D07,FALSE,Genotyper_Sample_data_file_1 patient sample.eds,C30217GB_1 sample,,FALSE,FALSE,FALSE,FALSE,FALSE,FALSE,FALSE,,
DPYD rs67376798,C__27530948_10,DPYD,rs67376798,No Template,N/A,FALSE,N/A,0.061,0.051,"102,979.33",NTC,Unknown,,B07,FALSE,Genotyper_Sample_data_file_1 patient sample.eds,C30217GB_1 sample,,FALSE,TRUE,TRUE,FALSE,FALSE,FALSE,FALSE,,
DPYD*2A IVS14+1G>A,C__30633851_20,DPYD,rs3918290,60000160188,VIC/FAM,FALSE,0.96,1.81,1.379,"118,411.63",Unknown,Unknown,,F09,FALSE,Genotyper_Sample_data_file_1 patient sample.eds,C30217GB_1 sample,,FALSE,FALSE,FALSE,FALSE,FALSE,FALSE,FALSE,,
DPYD*2A IVS14+1G>A,C__30633851_20,DPYD,rs3918290,NA23873,VIC/FAM,FALSE,0.96,1.838,1.384,"110,338.28",Unknown,Unknown,,D09,FALSE,Genotyper_Sample_data_file_1 patient sample.eds,C30217GB_1 sample,,FALSE,FALSE,FALSE,FALSE,FALSE,FALSE,FALSE,,
DPYD*2A IVS14+1G>A,C__30633851_20,DPYD,rs3918290,No Template,N/A,FALSE,N/A,0.055,0.064,"106,950.48",NTC,Unknown,,B09,FALSE,Genotyper_Sample_data_file_1 patient sample.eds,C30217GB_1 sample,,FALSE,TRUE,TRUE,FALSE,FALSE,FALSE,FALSE,,
NUDT15 *3,C_154823200_10,NUDT15,rs116855232,60000160188,VIC/FAM,FALSE,0.92,1.394,1.65,"121,664.87",Unknown,Unknown,,F10,FALSE,Genotyper_Sample_data_file_1 patient sample.eds,C30217GB_1 sample,,FALSE,FALSE,FALSE,TRUE,FALSE,FALSE,FALSE,,
NUDT15 *3,C_154823200_10,NUDT15,rs116855232,NA10847,VIC/FAM,FALSE,0.92,1.44,1.697,"124,471.10",Unknown,Unknown,,D10,FALSE,Genotyper_Sample_data_file_1 patient sample.eds,C30217GB_1 sample,,FALSE,FALSE,FALSE,TRUE,FALSE,FALSE,FALSE,,
NUDT15 *3,C_154823200_10,NUDT15,rs116855232,No Template,N/A,FALSE,N/A,0.062,0.065,"108,068.56",NTC,Unknown,,B10,FALSE,Genotyper_Sample_data_file_1 patient sample.eds,C30217GB_1 sample,,FALSE,TRUE,TRUE,FALSE,FALSE,FALSE,FALSE,,
SLCO1B1*1B N130D,C___1901697_20,SLCO1B1,rs2306283,60000160188,VIC/FAM,FALSE,0.96,1.413,1.36,"121,237.55",Unknown,Unknown,,F11,FALSE,Genotyper_Sample_data_file_1 patient sample.eds,C30217GB_1 sample,,FALSE,FALSE,FALSE,FALSE,FALSE,FALSE,FALSE,,
SLCO1B1*1B N130D,C___1901697_20,SLCO1B1,rs2306283,HG01857,VIC/FAM,FALSE,0.96,1.365,1.339,"112,577.60",Unknown,Unknown,,D11,FALSE,Genotyper_Sample_data_file_1 patient sample.eds,C30217GB_1 sample,,FALSE,FALSE,FALSE,FALSE,FALSE,FALSE,FALSE,,
SLCO1B1*1B N130D,C___1901697_20,SLCO1B1,rs2306283,No Template,N/A,FALSE,N/A,0.073,0.069,"109,279.56",NTC,Unknown,,B11,FALSE,Genotyper_Sample_data_file_1 patient sample.eds,C30217GB_1 sample,,FALSE,TRUE,TRUE,FALSE,FALSE,FALSE,FALSE,,
SLCO1B1*5 V174A,C__30633906_10,SLCO1B1,rs4149056,60000160188,VIC/FAM,FALSE,0.96,1.645,1.618,"127,775.99",Unknown,Unknown,,F12,FALSE,Genotyper_Sample_data_file_1 patient sample.eds,C30217GB_1 sample,,FALSE,FALSE,FALSE,FALSE,FALSE,FALSE,FALSE,,
SLCO1B1*5 V174A,C__30633906_10,SLCO1B1,rs4149056,NA18992,VIC/FAM,FALSE,0.96,1.575,1.543,"115,578.59",Unknown,Unknown,,D12,FALSE,Genotyper_Sample_data_file_1 patient sample.eds,C30217GB_1 sample,,FALSE,FALSE,FALSE,FALSE,FALSE,FALSE,FALSE,,
SLCO1B1*5 V174A,C__30633906_10,SLCO1B1,rs4149056,No Template,N/A,FALSE,N/A,0.041,0.05,"108,236.68",NTC,Unknown,,B12,FALSE,Genotyper_Sample_data_file_1 patient sample.eds,C30217GB_1 sample,,FALSE,TRUE,TRUE,FALSE,FALSE,FALSE,FALSE,,
TPMT*2 A80P,C__12091552_30,TPMT,rs1800462,60000160188,VIC/FAM,FALSE,0.96,1.8,1.758,"114,235.86",Unknown,Unknown,,F13,FALSE,Genotyper_Sample_data_file_1 patient sample.eds,C30217GB_1 sample,,FALSE,FALSE,FALSE,FALSE,FALSE,FALSE,FALSE,,
TPMT*2 A80P,C__12091552_30,TPMT,rs1800462,NA20299,VIC/FAM,FALSE,0.96,1.712,1.661,"112,944.41",Unknown,Unknown,,D13,FALSE,Genotyper_Sample_data_file_1 patient sample.eds,C30217GB_1 sample,,FALSE,FALSE,FALSE,FALSE,FALSE,FALSE,FALSE,,
TPMT*2 A80P,C__12091552_30,TPMT,rs1800462,No Template,N/A,FALSE,N/A,0.036,0.044,"108,025.02",NTC,Unknown,,B13,FALSE,Genotyper_Sample_data_file_1 patient sample.eds,C30217GB_1 sample,,FALSE,TRUE,TRUE,FALSE,FALSE,FALSE,FALSE,,
TPMT*3B 460 G>A A154T,C__30634116_20,TPMT,rs1800460,60000160188,VIC/FAM,FALSE,0.96,1.355,1.556,"121,419.64",Unknown,Unknown,,F14,FALSE,Genotyper_Sample_data_file_1 patient sample.eds,C30217GB_1 sample,,FALSE,FALSE,FALSE,FALSE,FALSE,FALSE,FALSE,,
TPMT*3B 460 G>A A154T,C__30634116_20,TPMT,rs1800460,NA19625,VIC/FAM,FALSE,0.96,1.37,1.545,"110,365.30",Unknown,Unknown,,D14,FALSE,Genotyper_Sample_data_file_1 patient sample.eds,C30217GB_1 sample,,FALSE,FALSE,FALSE,FALSE,FALSE,FALSE,FALSE,,
TPMT*3B 460 G>A A154T,C__30634116_20,TPMT,rs1800460,No Template,N/A,FALSE,N/A,0.03,0.038,"113,505.54",NTC,Unknown,,B14,FALSE,Genotyper_Sample_data_file_1 patient sample.eds,C30217GB_1 sample,,FALSE,TRUE,TRUE,FALSE,FALSE,FALSE,FALSE,,
TPMT*3C 719A>G C240Y,C_____19567_20,TPMT,rs1142345,60000160188,VIC/FAM,FALSE,0.96,1.832,1.658,"119,114.03",Unknown,Unknown,,F15,FALSE,Genotyper_Sample_data_file_1 patient sample.eds,C30217GB_1 sample,,FALSE,FALSE,FALSE,FALSE,FALSE,FALSE,FALSE,,
TPMT*3C 719A>G C240Y,C_____19567_20,TPMT,rs1142345,NA19625,VIC/FAM,FALSE,0.96,1.781,1.585,"113,527.75",Unknown,Unknown,,D15,FALSE,Genotyper_Sample_data_file_1 patient sample.eds,C30217GB_1 sample,,FALSE,FALSE,FALSE,FALSE,FALSE,FALSE,FALSE,,
TPMT*3C 719A>G C240Y,C_____19567_20,TPMT,rs1142345,No Template,N/A,FALSE,N/A,0.055,0.056,"117,845.73",NTC,Unknown,,B15,FALSE,Genotyper_Sample_data_file_1 patient sample.eds,C30217GB_1 sample,,FALSE,TRUE,TRUE,FALSE,FALSE,FALSE,FALSE,,
VKORC1-prom,C__30403261_20,VKORC1,rs9923231,60000160188,VIC/FAM,FALSE,0.96,1.603,1.86,"112,216.09",Unknown,Unknown,,F16,FALSE,Genotyper_Sample_data_file_1 patient sample.eds,C30217GB_1 sample,,FALSE,FALSE,FALSE,FALSE,FALSE,FALSE,FALSE,,
VKORC1-prom,C__30403261_20,VKORC1,rs9923231,NA20521,VIC/FAM,FALSE,0.96,1.589,1.815,"106,053.45",Unknown,Unknown,,D16,FALSE,Genotyper_Sample_data_file_1 patient sample.eds,C30217GB_1 sample,,FALSE,FALSE,FALSE,FALSE,FALSE,FALSE,FALSE,,
VKORC1-prom,C__30403261_20,VKORC1,rs9923231,No Template,N/A,FALSE,N/A,0.032,0.04,"109,739.52",NTC,Unknown,,B16,FALSE,Genotyper_Sample_data_file_1 patient sample.eds,C30217GB_1 sample,,FALSE,TRUE,TRUE,FALSE,FALSE,FALSE,FALSE,,
,,,,,,,,,,,,,,,,,,,,,,,,,,,
Assay ID,Assay Name,Population,Allele 1 Freq,Allele 2 Freq,1/1 Freq,1/2 Freq,2/2 Freq,Chi-Squared,P-Value,,,,,,,,,,,,,,,,,,
AHLJ0WM,CYP2D6 *2*14*17*29*35*41,All,50%,50%,0%,100%,0%,2,0.157,,,,,,,,,,,,,,,,,,
C_104846637_10,DPYD  c.1129-5923C>G,All,0%,0%,0%,0%,0%,0,1,,,,,,,,,,,,,,,,,,
C_154823200_10,NUDT15 *3,All,0%,0%,0%,0%,0%,0,1,,,,,,,,,,,,,,,,,,
C__11484460_40,CYP2D6*10 g.100C>T,All,50%,50%,0%,100%,0%,2,0.157,,,,,,,,,,,,,,,,,,
C__12091552_30,TPMT*2 A80P,All,50%,50%,0%,100%,0%,2,0.157,,,,,,,,,,,,,,,,,,
C__15854163_70,ABCG2 Allele,All,0%,0%,0%,0%,0%,0,1,,,,,,,,,,,,,,,,,,
C__25625804_10,CYP2C9 *8,All,0%,0%,0%,0%,0%,0,1,,,,,,,,,,,,,,,,,,
C__25625805_10,CYP2C9*2 g.3608C>T,All,50%,50%,0%,100%,0%,2,0.157,,,,,,,,,,,,,,,,,,
C__25744790_10,CYP2C19 *2 *35,All,0%,0%,0%,0%,0%,0,1,,,,,,,,,,,,,,,,,,
C__25745302_30,CYP2C19 *9,All,0%,0%,0%,0%,0%,0,1,,,,,,,,,,,,,,,,,,
C__25986767_70,CYP2C19*2 c.681G>A,All,50%,50%,0%,100%,0%,2,0.157,,,,,,,,,,,,,,,,,,
C__26201809_30,CYP3A5*3 g.6986A>G,All,100%,0%,100%,0%,0%,0,1,,,,,,,,,,,,,,,,,,
C__27102414_10,CYP2D6 g.4180G>C,All,50%,50%,0%,100%,0%,2,0.157,,,,,,,,,,,,,,,,,,
C__27102431_D0,CYP2D6*4 g.1846G>A,All,0%,0%,0%,0%,0%,0,1,,,,,,,,,,,,,,,,,,
C__27104892_10,CYP2C9*3 g.42614A>C,All,50%,50%,0%,100%,0%,2,0.157,,,,,,,,,,,,,,,,,,
C__27530948_10,DPYD rs67376798,All,50%,50%,0%,100%,0%,2,0.157,,,,,,,,,,,,,,,,,,
C__27531552_A0,CYP2D6*12 g.124G>A,All,50%,50%,0%,100%,0%,2,0.157,,,,,,,,,,,,,,,,,,
C__27859817_40,CYP2C9 *5,All,0%,0%,0%,0%,0%,0,1,,,,,,,,,,,,,,,,,,
C__27861809_10,CYP2C19*3 c.636G>A,All,50%,50%,0%,100%,0%,2,0.157,,,,,,,,,,,,,,,,,,
C__27861810_10,CYP2C19*5 c.1297C>T,All,50%,50%,0%,100%,0%,2,0.157,,,,,,,,,,,,,,,,,,
C__30203950_10,CYP3A5*6 g.14690G>A,All,0%,100%,0%,0%,100%,0,1,,,,,,,,,,,,,,,,,,
C__30403261_20,VKORC1-prom,All,50%,50%,0%,100%,0%,2,0.157,,,,,,,,,,,,,,,,,,
C__30633851_20,DPYD*2A IVS14+1G>A,All,50%,50%,0%,100%,0%,2,0.157,,,,,,,,,,,,,,,,,,
C__30633906_10,SLCO1B1*5 V174A,All,50%,50%,0%,100%,0%,2,0.157,,,,,,,,,,,,,,,,,,
C__30634116_20,TPMT*3B 460 G>A A154T,All,50%,50%,0%,100%,0%,2,0.157,,,,,,,,,,,,,,,,,,
C__30634132_70,CYP2C9 *11,All,0%,0%,0%,0%,0%,0,1,,,,,,,,,,,,,,,,,,
C__32287188_10,CYP3A5 *7,All,0%,0%,0%,0%,0%,0,1,,,,,,,,,,,,,,,,,,
C__32287221_20,CYP2C9 *6,All,0%,0%,0%,0%,0%,0,1,,,,,,,,,,,,,,,,,,
C__32407229_60,CYP2D6*9 g.2613 2615delAGA,All,50%,50%,0%,100%,0%,2,0.157,,,,,,,,,,,,,,,,,,
C__32407232_50,CYP2D6*3 g.2549delA,All,50%,50%,0%,100%,0%,2,0.157,,,,,,,,,,,,,,,,,,
C__32407243_20,CYP2D6*6 g.1707delT,All,0%,0%,0%,0%,0%,0,1,,,,,,,,,,,,,,,,,,
C__34816113_20,CYP2D6*29 g.3183G>A,All,50%,50%,0%,100%,0%,2,0.157,,,,,,,,,,,,,,,,,,
C__34816116_20,CYP2D6*41 g.2988G>A,All,100%,0%,100%,0%,0%,0,1,,,,,,,,,,,,,,,,,,
C__60732328_20,CYP2B6*16 *18 g. 21011T>C,All,50%,50%,0%,100%,0%,2,0.157,,,,,,,,,,,,,,,,,,
C___1901697_20,SLCO1B1*1B N130D,All,50%,50%,0%,100%,0%,2,0.157,,,,,,,,,,,,,,,,,,
C___2222771_A0,CYP2D6*17 g.1023C>T,All,50%,50%,0%,100%,0%,2,0.157,,,,,,,,,,,,,,,,,,
C___7817765_60,CYP2B6*6 g.15631G>T,All,50%,50%,0%,100%,0%,2,0.157,,,,,,,,,,,,,,,,,,
C____469857_10,CYP2C19*17 g.-806C>T,All,0%,0%,0%,0%,0%,0,1,,,,,,,,,,,,,,,,,,
C_____19567_20,TPMT*3C 719A>G C240Y,All,50%,50%,0%,100%,0%,2,0.157,,,,,,,,,,,,,,,,,,
