Allele 1,Allele 2,rs1142345,rs1800460,rs1800462
*1,*1,FAM/FAM,FAM/FAM,VIC/VIC
*1,*2,FAM/FAM,FAM/FAM,VIC/FAM
*1,*3A,VIC/FAM,VIC/FAM,VIC/VIC
*1,*3B,FAM/FAM,VIC/FAM,VIC/VIC
*1,*3C,VIC/FAM,FAM/FAM,VIC/VIC
*2,*2,FAM/FAM,FAM/FAM,FAM/FAM
*2,*3A,VIC/FAM,VIC/FAM,VIC/FAM
*2,*3B,FAM/FAM,VIC/FAM,VIC/FAM
*2,*3C,VIC/FAM,FAM/FAM,VIC/FAM
*3A,*3A,VIC/VIC,VIC/VIC,VIC/VIC
*3A,*3B,VIC/FAM,VIC/VIC,VIC/VIC
*3A,*3C,VIC/VIC,VIC/FAM,VIC/VIC
*3B,*3B,FAM/FAM,VIC/VIC,VIC/VIC
*3B,*3C,VIC/FAM,VIC/FAM,VIC/VIC
*3C,*3C,VIC/VIC,FAM/FAM,VIC/VIC
